Symbol,Close,RS,EMA5,EMA20,EMA50,EMA200,MarketCap,Sector
360ONE,1046.199951171875,0.02173705012724536,1065.2415816819496,1094.9392846779483,1117.0180398260713,1107.7616958334957,426678255616.0,Financial Services
ABB,6933.0,0.047027766988644304,7038.429393797522,7211.338711877358,7263.531452227203,6729.325391240621,1469160751104.0,Industrials
ACC,1203.0,-0.04873713503762078,1224.753154107994,1252.1545065080152,1289.237285578409,1413.3134737209646,225908080640.0,Basic Materials
APLAPOLLO,2213.39990234375,0.30365740323946233,2204.1546910437523,2175.278931175087,2094.373956539489,1967.513641860695,614569082880.0,Basic Materials
AUBANK,991.7999877929688,0.004655565683632457,1011.5035833660535,1041.916234181142,1049.5898699918948,1006.1148669316909,743120764928.0,Financial Services
ADANIENSOL,1295.9000244140625,-0.0880970405807201,1322.863348662991,1386.6567061139672,1458.147621433454,1355.5369111723357,1584337518592.0,Utilities
ADANIENT,2845.89990234375,-0.016240075975926138,2886.336556090133,2952.4866929854084,2973.959884991388,2739.55098002883,4048928374784.0,Energy
ADANIGREEN,1240.5,-0.12754904951870483,1263.2845949950727,1287.1080253369823,1322.6409670048445,1262.0753652454798,2043322040320.0,Utilities
ADANIPORTS,1758.800048828125,0.019673641856070345,1768.36964755867,1753.9543577450472,1740.3254953109877,1664.8013122181915,4052203339776.0,Industrials
ADANIPOWER,195.47000122070312,-0.08325295560051216,199.1590873634972,204.13377006246446,207.6106398672607,195.9455068600053,3769772015616.0,Utilities
ATGL,596.7999877929688,-0.1438377575419234,605.3848357968933,614.5595532942409,633.726939011219,633.9228151583428,656366632960.0,Utilities
ABCAPITAL,380.54998779296875,0.0189486611187073,388.34874846832645,395.6173497758615,396.52529277647784,371.91086365312054,1041731289088.0,Financial Services
ALKEM,5239.0,-0.011125755213475919,5286.312670427351,5292.672407639316,5356.068772602658,5433.765805844333,626520621056.0,Healthcare
AMBUJACEM,371.29998779296875,-0.07628467652662496,378.6638964034302,389.9102558994978,404.1849624291269,444.11561323620504,922488340480.0,Basic Materials
APOLLOHOSP,8794.5,0.06430940753596182,8856.792306807822,8843.783841802118,8783.037734501171,8295.99488732048,1264729849856.0,Healthcare
ASHOKLEY,155.0500030517578,0.03183764205814099,157.21518643539716,162.09875122044784,164.38343553321116,163.6889246181653,910741143552.0,Industrials
ASIANPAINT,2424.0,-0.03482087600224848,2428.042573521687,2474.6076906727612,2550.365280366306,2567.8437883559095,2323657785344.0,Basic Materials
ASTRAL,1364.5999755859375,0.07394682209959713,1383.1353839218414,1423.3344546828644,1450.688013688244,1482.617799738385,366626897920.0,Industrials
AUROPHARMA,1704.9000244140625,0.13336708134370356,1708.161757285441,1686.4240585430643,1641.810802821437,1476.4787776221215,980961853440.0,Healthcare
DMART,3837.0,-0.08077984113354364,3813.6299606331945,3794.5536004247333,3868.3304967854183,4017.3840584861223,2501363105792.0,Consumer Defensive
AXISBANK,1203.9000244140625,-0.06038865261476789,1214.3407626618498,1234.037582553175,1249.7872526394326,1267.2737849553928,3748431396864.0,Financial Services
BSE,3145.0,-0.14391349614045346,3165.983395692228,3254.6701096658194,3378.344584922837,3351.2513670077374,1277479092224.0,Financial Services
BAJAJ-AUTO,10951.0,0.18287143930502503,11137.734454772537,11442.570774801718,11371.82701520558,10457.227694001176,3006900731904.0,Consumer Cyclical
BAJFINANCE,972.5,0.01578750905073001,990.6781604769621,1021.8667131274154,1034.9220225093243,996.3252967267317,6048593739776.0,Financial Services
BAJAJFINSV,1751.0999755859375,0.03231783399752608,1774.4749369150722,1856.326715342039,1897.5971722364704,1895.64528443494,2802188550144.0,Financial Services
BAJAJHLDNG,10777.0,0.0728765790921202,10950.200303380805,11078.79047594506,11017.707954296713,10810.25517434759,1198185906176.0,Financial Services
BAJAJHFL,81.86000061035156,-0.018173016820777987,82.66086796013964,83.46594715478105,84.3147545029382,87.75534801754007,681784246272.0,Financial Services
BANKBARODA,227.7899932861328,-0.12239554085425486,230.93520462638557,235.18105315288702,241.20689819181788,255.82369489686022,1177777733632.0,Financial Services
BANKINDIA,131.60000610351562,-0.01630583912881378,134.2069295652922,138.22102173360392,140.34067469489506,141.27503796532636,598903422976.0,Financial Services
BDL,1108.699951171875,-0.14941559012782712,1131.0644615778735,1183.6710738086035,1237.2460008655964,1310.9855571358055,406187900928.0,Industrials
BEL,387.54998779296875,-0.010987329377245558,390.13519683263013,396.69822431648424,402.15321056583196,411.411847063254,2832904749056.0,Industrials
BHARATFORG,1942.699951171875,-0.046221309588926784,1968.1945259352833,1981.243113823886,2017.512397834847,1893.6772191361792,949096153088.0,Industrials
BHEL,410.8999938964844,0.044722305544419916,417.0467784511579,422.82602080440546,417.68065614748593,367.7849906287658,1431650304000.0,Industrials
BPCL,301.04998779296875,0.04082967807326443,305.2690569362846,308.8439372375167,310.86658100354805,316.2954457366101,1286475350016.0,Energy
BHARTIARTL,1779.0999755859375,0.0208507214890723,1791.0973913650396,1830.1438868604312,1860.9328864208455,1884.8613096423287,11097325174784.0,Communication Services
BHARTIHEXA,1417.300048828125,0.014014404421341053,1468.0151340899743,1513.702265525166,1533.0328742542767,1563.4491210467309,709999984640.0,Communication Services
BIOCON,378.6000061035156,-0.048994304982227566,383.3593883054357,391.58707495848205,402.3602235119533,399.3716952719926,616634843136.0,Healthcare
BLUESTARCO,1548.300048828125,0.002805384985763437,1551.6409053585965,1531.8763916954335,1548.277581846703,1652.5818743743312,318237376512.0,Industrials
BOSCHLTD,46955.0,0.24316495560252993,47525.24135000378,47639.668289890375,45984.09383779091,40921.738223208355,1384399503360.0,Consumer Cyclical
BRITANNIA,4859.0,0.00734799419741905,4906.41072064538,5015.18420446096,5154.958203493025,5385.675889692893,1170138202112.0,Consumer Defensive
CGPOWER,869.0,-0.04217610663647153,877.3234328488,886.496349647221,887.4421228347485,834.1218656682072,1368766808064.0,Industrials
CANBK,119.3499984741211,-0.002114362775779588,122.09641835004781,124.14319177053933,125.91378483179126,129.5145673723005,1081947258880.0,Financial Services
CHOLAFIN,1636.0,-0.04033288200537466,1671.6087554098224,1758.2124661202715,1785.7385436996276,1712.9052565437655,1397997305856.0,Financial Services
CIPLA,1387.0,-0.006674602808527719,1389.6075615248196,1390.593213853928,1403.2883004381442,1398.5963921835091,1120597311488.0,Healthcare
COALINDIA,425.3999938964844,0.043471114599355154,423.80759867168325,419.5029027890155,417.1641872788302,417.33137344017996,2621316530176.0,Energy
COCHINSHIP,1298.300048828125,-0.0953880733627901,1339.469852124212,1394.5762732317069,1432.0104807433538,1492.3103278385217,341478866944.0,Industrials
COFORGE,1798.5999755859375,0.29083685222381206,1790.191153702642,1820.2563542222329,1774.9584645763364,1603.4889715068084,796494856192.0,Technology
COLPAL,1820.5,-0.04371310542747431,1845.6722133511528,1858.461613760847,1906.9290880020683,2008.2239421305178,495013855232.0,Consumer Defensive
CONCOR,449.6000061035156,-0.002155971725533279,458.61457920851626,481.35739650387427,491.30996099805316,493.51234837983066,342423437312.0,Industrials
COROMANDEL,1864.699951171875,-0.023013675886658258,1915.5610056298478,1946.2559558603123,1970.868866788263,2034.692312656002,548671160320.0,Basic Materials
CUMMINSIND,4843.5,-0.09439293086938971,4907.763210246785,5020.131574961694,5164.4039858495025,5057.402777910892,1341786554368.0,Industrials
DLF,665.5999755859375,0.14071320158103084,667.313784894832,662.2821069742573,656.845726729403,640.8517809740139,1647072378880.0,Real Estate
DABUR,382.79998779296875,-0.0361201536551774,385.00256802249214,385.9803554634032,396.223878849525,431.9514526715582,678715981824.0,Consumer Defensive
DIVISLAB,9514.0,0.5239185696663344,9531.514489797582,9337.170604874216,8779.471029884535,7474.7244817739665,2525535404032.0,Healthcare
DIXON,13607.0,0.1989235372381053,13472.313911296767,13585.687446497897,13639.187169089271,12991.267467219885,827513765888.0,Technology
DRREDDY,1240.5999755859375,-0.034534764173399846,1217.6128255131289,1189.3934877043857,1192.9173774923165,1229.9374139134047,1033572319232.0,Healthcare
DUMMYHDLVR,,,,,,,,
EICHERMOT,7242.0,0.08572457061643224,7310.125530035392,7514.8028925557755,7612.801297959151,7386.756241944311,1988360667136.0,Consumer Cyclical
ETERNAL,326.79998779296875,0.2961744448360406,331.52000713802386,328.15827208967016,316.72614344430457,290.52080042035925,3008322338816.0,Consumer Cyclical
EXIDEIND,409.8999938964844,0.11517143180189304,417.3738398452727,424.88967914735235,428.3871117877878,397.2978924267797,348415000576.0,Consumer Cyclical
NYKAA,326.6499938964844,0.1028159714915371,330.1030874152787,333.5154574257557,328.93064886105486,297.05833387857297,935940653056.0,Consumer Cyclical
FEDERALBNK,324.8999938964844,0.036626761955278475,326.40540424484215,335.4581054262555,338.72485765882755,310.70869357702145,801852227584.0,Financial Services
FORTIS,828.3499755859375,-0.09059704926195633,847.6867554514414,880.3079988940736,904.6652388113722,920.7934559734584,625407361024.0,Healthcare
GAIL,171.6300048828125,0.04141634161809571,172.3793265461759,172.91005635022907,172.71210599341774,168.5303111305502,1127757643776.0,Utilities
GMRAIRPORT,94.19000244140625,-0.11812054277021,95.95312801707814,97.18695854044142,99.67373264946939,100.15815678884469,995077849088.0,Industrials
GLENMARK,2333.300048828125,0.11199561212991105,2384.9362603827317,2411.3057097181345,2367.1061821422113,2238.008323662704,658797035520.0,Healthcare
GODFRYPHLP,1906.0,-0.06605535521950201,1942.8763952332476,1985.9251319203336,2048.1513404956354,2207.4873116902763,297301245952.0,Consumer Defensive
GODREJCP,858.2000122070312,-0.1033328697198983,868.3983236421382,881.418422960186,925.7817218223931,1021.0239435515773,878097989632.0,Consumer Defensive
GODREJPROP,1653.199951171875,-0.06601563015173051,1675.6045589556688,1765.3070115191542,1863.117972301626,1879.270029384574,498258739200.0,Real Estate
GRASIM,3128.39990234375,0.062386793926311856,3156.1164263786573,3206.515371480589,3208.549826743336,3047.529499415891,2121756966912.0,Basic Materials
HCLTECH,1239.0999755859375,0.2256745797000994,1248.7504733741396,1262.8875440025388,1266.3843212068973,1296.4083728150936,3354068254720.0,Technology
HDFCAMC,2280.199951171875,-0.0980671097838558,2339.265662449054,2417.0152288956597,2489.3807477558953,2564.9465735803797,978845171712.0,Financial Services
HDFCBANK,713.5,-0.06159661715510556,723.2662460578036,722.2056160722475,731.0962660314823,788.3993604330924,10998769516544.0,Financial Services
HDFCLIFE,522.5499877929688,-0.047664964021486234,532.6024852888171,538.4152443856858,545.4468216328875,599.704844890516,1135004221440.0,Financial Services
HAVELLS,1067.5999755859375,-0.03353979995489109,1084.3724450139528,1122.551476308188,1169.5115112612398,1246.3899629526366,670486888448.0,Industrials
HEROMOTOCO,5368.5,0.19245138979327447,5362.3651390574905,5358.949093609153,5341.753628286523,5248.252394146186,1075358662656.0,Consumer Cyclical
HINDALCO,959.0,0.057594584936854654,968.8315189473072,987.4205147005121,998.6256525773952,973.2716224298134,2127492022272.0,Basic Materials
HAL,4708.0,0.1300398742408464,4755.862363758473,4808.45624869644,4767.595010160564,4533.778291313289,3149461979136.0,Industrials
HINDPETRO,347.3500061035156,-0.028229590477140354,349.1620796902539,354.4330160857365,361.0255617121444,375.04339246940606,739099148288.0,Energy
HINDUNILVR,1883.0,-0.06705801221271213,1911.659235472286,1947.0750985454324,2004.7318404863104,2143.2375551825107,4424985477120.0,Consumer Defensive
HINDZINC,572.25,0.12643890274177183,579.772765484777,584.1136786506261,579.4076529853779,567.7438102945936,2418572525568.0,Basic Materials
POWERINDIA,30135.0,-0.09411739806874009,30711.831221648376,31538.269598290273,32259.333815174767,29923.806205384546,1343633883136.0,Industrials
HUDCO,168.0,-0.1276522018538322,170.90899313801432,174.95124909191657,182.6809736860023,194.28403340143757,335918825472.0,Financial Services
HYUNDAI,2046.0,0.13761594833936464,2074.975057075547,2131.761640204002,2122.155435465344,2076.5320176205864,1661646536704.0,Consumer Cyclical
ICICIBANK,1300.5999755859375,0.0009102572459311897,1316.9175415682516,1356.5712823534216,1378.2608181480703,1359.495167462193,9336239685632.0,Financial Services
ICICIGI,1516.699951171875,-0.08610225426976537,1523.5291288406152,1516.6496541643605,1573.9939440408561,1719.8154240157487,757915648000.0,Financial Services
IDFCFIRSTB,80.52999877929688,0.06632707681926475,82.5006823394812,84.58256227010246,83.81527508126538,78.81655112900093,693792538624.0,Financial Services
IRB,17.06999969482422,-0.161572773819478,17.498101690120908,18.42725462493082,19.115337033213336,20.223413360517814,206171455488.0,Industrials
ITCHOTELS,159.83999633789062,-0.06801624232655368,159.9469082795836,159.17386450093903,161.55819347364812,169.65677891875194,332832047104.0,Consumer Cyclical
ITC,266.5,-0.025319586756455625,266.7311010262933,266.0942224833293,270.8830052770018,294.8434210174364,3341262258176.0,Consumer Defensive
INDIANB,806.5499877929688,0.036493499076632796,818.7206107520473,841.8622001162665,850.6920031826338,842.9414173558444,1086730534912.0,Financial Services
INDHOTEL,721.5,0.06057113510632495,723.6199165855611,725.5786923711407,722.6988010844682,702.7341422539357,1043726008320.0,Consumer Cyclical
IOC,133.57000732421875,0.014689891893988172,134.76790311945368,135.84412990298796,137.24007810222457,142.57703396873433,1886879875072.0,Energy
IRCTC,454.95001220703125,-0.04958145431483385,458.0371636576163,466.5433397265081,480.75987242499696,533.2151907811982,363999985664.0,Consumer Cyclical
IRFC,78.66999816894531,-0.08801457322902306,79.30850376818886,80.95563982232576,84.24952161368374,95.34087732428453,1027707305984.0,Financial Services
IREDA,114.80000305175781,-0.057563103124495085,113.33899144812217,112.61790109842424,115.16190279280217,122.95833121083851,322499772416.0,Financial Services
IGL,143.72999572753906,-0.08459308174236091,145.29911188799002,148.58368843209718,151.1544070783998,161.588280552185,201222209536.0,Utilities
INDUSTOWER,369.3500061035156,0.0268337899941562,371.45225399280616,376.3538359149104,379.1278037947697,389.245818231031,973918830592.0,Communication Services
INDUSINDBK,902.0999755859375,0.0243773662298703,918.3345406894754,955.5440515464588,973.8397470161501,933.8911066195095,702476845056.0,Financial Services
NAUKRI,1248.9000244140625,0.3443070956321246,1256.0151329835062,1275.159438243504,1256.1674415575676,1180.482476472332,809736732672.0,Communication Services
INFY,991.7000122070312,0.04034623038095919,1006.4913158899444,1047.656153675485,1083.08133946978,1190.400760149867,4017536106496.0,Technology
INDIGO,4886.5,-0.044734009377198625,4918.278936902702,4970.027080013631,5034.950828970414,4983.132251236641,1889446264832.0,Industrials
JSWENERGY,495.0,-0.10916725212129985,502.9177995629161,517.8690853427978,532.3930727578987,532.8554139128634,907116216320.0,Utilities
JSWSTEEL,1258.4000244140625,0.08304181938717625,1267.4637298825141,1277.1499091941125,1278.856578557154,1243.07487865884,3072703332352.0,Basic Materials
JINDALSTEL,1141.0,0.13158472419277412,1148.5194525461561,1139.6556668818837,1128.664276239823,1124.309989806621,1160953987072.0,Basic Materials
JIOFIN,219.4199981689453,-0.02379187592619081,223.74544569461136,229.97207742765013,235.73791254201763,248.3998610827231,1449653698560.0,Financial Services
JUBLFOOD,467.5,0.17821826290976484,477.1813782591057,480.8588872205942,474.9330940887628,481.1119344158864,307364200448.0,Consumer Cyclical
KEI,4494.0,-0.13103054898972177,4567.155412427415,4745.311705374035,4981.668758625528,4900.1313071540635,429724663808.0,Industrials
KPITTECH,507.8500061035156,-0.1996496304977956,516.1785222367972,543.2187522192272,575.5013796111953,719.8633842817329,138332258304.0,Technology
KALYANKJIL,566.2999877929688,0.5431640151589427,571.1309364057739,583.797718334995,568.2855321370765,493.5274527442402,584950153216.0,Consumer Cyclical
KOTAKBANK,403.29998779296875,0.08090036245363863,405.2515476802021,410.1919999115466,405.64678328110074,399.55612551312686,4010488365056.0,Financial Services
LTF,274.1000061035156,-0.07430230815743244,284.404397857023,299.4286391541846,304.6916570965038,293.86253528332156,686531280896.0,Financial Services
LICHSGFIN,558.8499755859375,0.060769213794868326,562.4436293234529,553.3837673700251,540.3517500865895,532.2480630665063,307347685376.0,Financial Services
LTIM,,,,,,,,
LT,3776.800048828125,-0.04338229495146151,3820.528053749971,3891.6609659852575,3940.393367557991,3939.4621766414407,5197059325952.0,Industrials
LICI,398.3999938964844,-0.031367900697673146,402.37373088607075,405.47079144168157,409.50970122734793,411.12031187908474,2518614016000.0,Financial Services
LODHA,1120.4000244140625,0.23523730502743656,1134.270117213264,1153.2022186086135,1155.4587469879712,1074.47596150706,1119729483776.0,Real Estate
LUPIN,2077.60009765625,-0.0921063769977375,2084.341166807456,2112.358528650867,2185.547052358893,2227.1845269384644,950248603648.0,Healthcare
MRF,123495.0,0.015732152335944383,124057.28708416663,126703.75481834568,129086.60899701402,133648.91314111036,523569102848.0,Consumer Cyclical
M&MFIN,329.1000061035156,0.11827835354158478,336.7939392220077,353.04349706750867,357.3550157956947,338.01283966412933,457603219456.0,Financial Services
M&M,2988.800048828125,0.0328482187119683,3008.782897120635,3093.272760022949,3170.6789326699395,3233.853809266364,3590759383040.0,Consumer Cyclical
MANKIND,2508.0,0.0339716379803241,2467.1681297084383,2399.477422240118,2400.5959611846533,2360.2552875371316,1035917787136.0,Healthcare
MARICO,802.9500122070312,0.012290479828469536,813.741102036602,819.0535231675462,827.3593287042846,805.4545946964216,1042093441024.0,Consumer Defensive
MARUTI,12025.0,-0.09694262126643383,12062.0087708085,12410.790999315344,12897.883210178827,13600.122793901526,3780376264704.0,Consumer Cyclical
MFSL,1398.5,-0.07342929237319784,1449.5328426722226,1500.5017555609395,1528.7484806218413,1589.2256486306549,480274939904.0,Financial Services
MAXHEALTH,997.0999755859375,-0.07169432718506097,1016.217953736589,1027.5590579627478,1035.1652544989902,1047.737151338898,970195664896.0,Healthcare
MAZDOCK,2118.699951171875,-0.10777358407100579,2165.3735305011187,2281.541967586681,2371.3651525694795,2452.162340237254,854641213440.0,Industrials
MOTILALOFS,1006.0,0.10981799539048609,1014.8328649093274,1009.1214517247043,979.2045615104867,904.7731408469905,606595055616.0,Financial Services
MPHASIS,2218.89990234375,0.10617423876133736,2241.8627797987424,2312.203441392733,2343.4614951312906,2368.147089412505,423403945984.0,Technology
MUTHOOTFIN,2743.699951171875,-0.03932239271538185,2786.739544618489,2839.337995405143,2917.5921328632385,3141.643588175392,1101388578816.0,Financial Services
NHPC,73.62999725341797,-0.04728695795523319,74.95186506589083,75.84767977972325,76.57129699846713,77.57998089713317,739716366336.0,Utilities
NMDC,77.6500015258789,-0.04307683039695087,78.88664350127205,81.32850381996619,83.26291874946632,83.26905045596952,682508746752.0,Basic Materials
NTPCGREEN,92.06999969482422,0.01177988977118316,92.75933427548115,90.88402348751245,91.55174604885624,95.15529495581755,776064925696.0,Utilities
NTPC,320.70001220703125,-0.04611873571030689,323.4966509680647,327.8281078201241,334.2957957857474,347.351093763936,3111175585792.0,Utilities
NATIONALUM,344.8500061035156,0.06840574364871821,351.56711462468246,360.6460019936031,367.0496196108899,358.7965600737081,633729777664.0,Basic Materials
NESTLEIND,1344.0,0.008590989627821122,1357.1874713423545,1388.2029662746368,1417.205929462828,1377.3376761395605,2593197129728.0,Consumer Defensive
OBEROIRLTY,1796.5999755859375,0.06687891640956556,1818.325057998862,1813.383731922805,1814.0013658834637,1731.9688493543592,653102350336.0,Real Estate
ONGC,231.25999450683594,0.037607094113977224,233.2889198808078,234.67088510283966,237.88748188347793,248.47751319828555,2909692755968.0,Energy
OIL,466.04998779296875,0.17545770557009255,470.71154397735444,477.0825680871889,471.43077236370755,457.7409534820031,758080536576.0,Energy
PAYTM,1683.5999755859375,0.5478692331802097,1698.522217352458,1714.6684837265373,1605.09724328109,1356.5915855412454,1076762443776.0,Technology
OFSS,10630.0,0.035302126945838896,10827.435700393773,11348.856083909019,11362.493324551573,9956.282511996986,926504124416.0,Technology
POLICYBZR,1111.0999755859375,-0.28400500404889184,1277.7756098805157,1584.8464956145297,1659.0261885520435,1657.887359739238,513254293504.0,Financial Services
PIIND,2323.10009765625,-0.04239294925974568,2356.3892050324944,2378.1344560927896,2477.7437132695422,2792.6745204145104,352367837184.0,Basic Materials
PAGEIND,37100.0,-0.05365207336412858,37118.229531551086,36426.29189283789,36954.89337598583,37271.81664323452,413920264192.0,Consumer Cyclical
PATANJALI,373.95001220703125,-0.03897475322793775,388.4479045341671,372.7918014223188,368.8459586122352,424.1862647289867,406649405440.0,Consumer Defensive
PERSISTENT,5305.0,0.29129572482261445,5329.190413415464,5435.349746221951,5410.714584309245,5328.737137936046,829821157376.0,Technology
PHOENIXLTD,1937.800048828125,0.04503873200316133,1947.9854332107077,1922.9631947768207,1920.208280147399,1842.3012421007434,693108146176.0,Real Estate
PIDILITIND,1492.5,-0.009470060250640566,1517.481044694058,1562.0304105137795,1583.6152518257957,1528.2672200489958,1519865561088.0,Basic Materials
POLYCAB,8192.5,-0.1368529652332403,8273.076575430397,8424.379876199906,8701.794365450805,8549.706500359807,1234077745152.0,Industrials
PFC,326.6499938964844,-0.1756698504548806,334.0954611260907,345.5937882404563,363.87960831194044,387.6130888488287,1079133208576.0,Financial Services
POWERGRID,261.70001220703125,-0.0362306124346915,264.51758021511233,266.46184559001875,270.7494786506599,279.974532217483,2433968242688.0,Utilities
PREMIERENE,884.2000122070312,-0.1170846375126231,898.1547541035092,935.3454447141282,977.0021734402135,976.7349295881519,399169028096.0,Technology
PRESTIGE,1445.9000244140625,-0.028925391226803376,1462.6991938141493,1499.9392086255918,1537.3666323087903,1520.2375825618433,622405222400.0,Real Estate
PNB,113.0,0.11154229192103915,114.73410114584408,115.89201991106223,114.5067927841116,111.92969600872246,1299851771904.0,Financial Services
RECLTD,294.79998779296875,-0.13595850141136456,303.7805481289382,312.2424309405343,324.66877024271923,339.03734204684184,776011120640.0,Financial Services
RVNL,199.3000030517578,-0.11032559573898648,203.9004420732352,207.91441477567903,216.53221824857292,253.1946535768583,415773884416.0,Industrials
RELIANCE,1195.800048828125,-0.030095177493836167,1212.5970459671876,1247.2497191160405,1275.601264879781,1334.4454750383636,16180776534016.0,Energy
SBICARD,590.4500122070312,0.044607783702311776,605.644608778973,629.9235178939434,636.9731645684708,676.1503911729801,561802903552.0,Financial Services
SBILIFE,1717.4000244140625,0.02076514606781954,1734.2669457907937,1737.6921239757964,1765.2135724278698,1837.1681022412454,1723649228800.0,Financial Services
SRF,2448.89990234375,-0.05989866830144186,2498.3418867207292,2529.9135862716917,2578.821553181492,2671.0788821382375,725927985152.0,Industrials
MOTHERSON,162.5500030517578,0.153793831929405,163.0163839070369,162.94223871044372,159.7855635348079,141.77904428950995,1712799350784.0,Consumer Cyclical
SHREECEM,22295.0,-0.07093782987250274,22323.890711974138,22774.237236030043,23784.87269879753,25126.768231418046,804600676352.0,Basic Materials
SHRIRAMFIN,984.0,-0.00348035134472624,989.0704193920456,1016.0883161248204,1036.5121659547817,991.2090015996394,2318690680832.0,Financial Services
ENRIN,3220.300048828125,-0.08244836634396469,3222.004895752945,3214.7818964592284,3276.814635036922,3225.7548681967487,1146708033536.0,Utilities
SIEMENS,3789.60009765625,0.11020482702549006,3833.088657543036,3884.581587230463,3861.89630569447,3614.280135257804,1349518622720.0,Industrials
SOLARINDS,19285.0,0.08317534788672876,19407.326535060696,19914.07132776473,19657.799417687867,17400.84652339381,1746458116096.0,Basic Materials
SONACOMS,806.6500244140625,0.36563541493600993,811.0964695512581,803.1965373957328,776.4973789363174,656.6849995038376,504514215936.0,Consumer Cyclical
SBIN,961.7000122070312,-0.017160210288838296,972.6164108118095,994.756994461373,1014.033136709567,1014.4963420055765,8883546357760.0,Financial Services
SAIL,185.1999969482422,0.12030890321017718,183.63710098194096,182.0822482580779,180.09463935176888,170.712292652866,765138501632.0,Basic Materials
SUNPHARMA,1843.199951171875,0.04131988909658846,1846.7771504259963,1865.0115109557619,1883.3685525213675,1830.446881669769,4422694338560.0,Healthcare
SUPREMEIND,3478.10009765625,0.1559225135105078,3484.0548484909364,3478.5067484104925,3485.846860455312,3564.2371444188016,442142949376.0,Industrials
SUZLON,39.77000045776367,-0.29138300671725614,40.60885778155817,43.01651471340808,45.95891413356417,49.689264562936074,546695249920.0,Industrials
SWIGGY,254.64999389648438,0.11655854656286246,262.2849559145766,271.5272194481782,273.1453951377835,290.7381523239007,667052474368.0,Consumer Cyclical
TVSMOTOR,4135.0,0.25399374768339444,4133.285960839141,4154.111616118416,4107.964310549901,3819.5838061710992,1965060521984.0,Consumer Cyclical
TATACOMM,1660.300048828125,-0.11578194100511985,1679.5168528499307,1720.1005742323466,1743.01434774716,1732.1770027428347,474268434432.0,Communication Services
TCS,2071.60009765625,0.07605651515511469,2084.74015376068,2165.401488710977,2225.7111789947357,2396.9906443059876,7493059084288.0,Technology
TATACONSUM,962.2000122070312,-0.06117240286927206,973.6165982462923,998.2958507758157,1033.5105540558975,1089.873381477857,952378654720.0,Consumer Defensive
TATAELXSI,3155.0,-0.13541860181346377,3192.7416486657107,3339.9324581949168,3516.639511031952,4050.711517892096,196629872640.0,Technology
TMPV,280.8999938964844,-0.1629842386083875,288.07698591876937,300.7808805956876,315.35906886708693,351.97622295244287,1034184163328.0,Consumer Cyclical
TATAPOWER,358.25,-0.024711530715341712,362.8896503788387,365.670934226818,371.0671225080693,383.3417064092189,1144251088896.0,Utilities
TATASTEEL,187.2899932861328,0.04517598142030321,187.1358781562914,186.25357794217385,187.1684781306073,189.05178344838936,2335815499776.0,Basic Materials
TATATECH,698.5499877929688,0.07164067049756451,709.0557707802479,747.8308407540181,761.4849647742336,707.1167698815558,283586625536.0,Technology
TECHM,1541.199951171875,0.181377323340133,1545.1617323866874,1558.3873582055146,1557.879039359164,1502.0237675869878,1365828173824.0,Technology
TITAN,4771.0,0.14065975549572385,4827.647890665952,4906.432634690307,4874.915273744442,4498.706074820031,4232479768576.0,Consumer Cyclical
TORNTPHARM,4863.0,0.1046486282161585,4913.913367689248,4925.137500143249,4891.891341987483,4539.148851490535,1849158402048.0,Healthcare
TORNTPOWER,1234.4000244140625,-0.08440915709140384,1246.674607177337,1267.4651644128796,1304.383111747479,1373.0791944138819,622169686016.0,Utilities
TRENT,2628.300048828125,-0.15971185200941795,2672.636421310222,2767.9557907609837,2845.9997567025757,3028.2476794032623,1401174491136.0,Consumer Cyclical
TIINDIA,2425.199951171875,-0.15935396480688513,2488.1474143372693,2596.433479446472,2713.569583673743,2807.5137108817817,469238677504.0,Industrials
UPL,536.4500122070312,-0.004832976230538466,546.6300345731443,561.6280857548664,574.3018706750922,618.5365399252345,453959843840.0,Basic Materials
ULTRACEMCO,11026.0,0.04929197041742128,11055.931085851245,11113.508012565113,11287.801799059955,11469.271303706757,3243220140032.0,Basic Materials
UNIONBANK,171.32000732421875,0.07350304290899001,174.97221317204176,178.712790051711,178.40087129006508,170.37261608093954,1309926752256.0,Financial Services
UNITDSPR,1387.300048828125,0.08645285127660274,1404.2049209499874,1423.7127430587586,1436.4324063748597,1387.1471798911732,984704876544.0,Consumer Defensive
VBL,430.6000061035156,-0.1086508510210954,430.5933855301977,423.7842602559479,434.46302518152464,459.7482926636558,1455825747968.0,Consumer Defensive
VEDL,259.20001220703125,-0.03108311189687496,262.20663652340767,265.5240490546738,275.8838400454537,382.94234657491205,1013100904448.0,Basic Materials
VMM,100.3499984741211,-0.10712490531282115,102.08452748938014,103.58656799973421,106.61017507947558,115.72961343286283,470070362112.0,Consumer Cyclical
IDEA,13.390000343322754,-0.028185069666105345,13.788880357429969,14.218704617188362,14.101202010892662,12.685353077800539,1449629843456.0,Communication Services
VOLTAS,1116.4000244140625,-0.08294324240932249,1122.4860210126828,1147.2630404085862,1200.4626503635257,1293.6608066964304,368473243648.0,Consumer Cyclical
WAAREEENER,2419.0,-0.13787937212628543,2463.3384341877054,2531.225394137822,2629.6631324473424,2860.913694598663,695512137728.0,Technology
WIPRO,160.05999755859375,-0.002892816280565369,162.47454257255114,167.70816860033233,173.50755721168971,191.49349936939754,1583429058560.0,Technology
YESBANK,21.209999084472656,-0.07943253739940015,21.899134534261815,22.53832863960677,22.719188438127784,22.26026377337875,665448218624.0,Financial Services
ZYDUSLIFE,1213.0,0.1452046849618307,1197.6593106377015,1162.3648065405064,1140.890508290784,1058.0848646903398,1210969620480.0,Healthcare
